{
  "name": "PancakeSwap Default List",
  "timestamp": "2021-03-17T09:56:23Z",
  "version": {
    "major": 2,
    "minor": 1,
    "patch": 0
  },
  "tags": {},
  "logoURI": "https://exchange.pancakeswap.finance/images/pancakeswap.png",
  "keywords": ["pancake", "default"],
  "tokens": [
    {
      "name": "WBNB Token",
      "symbol": "WBNB",
      "address": "0xb876535208B8669221029989B11e2576AfD54fFa",
      "chainId": 97,
      "decimals": 18,
      "logoURI": "images/coins/0xae13d989dac2f0debff460ac112a837c89baa7cd.png"
    },
    {
      "name": "BUSD Token",
      "symbol": "BUSD",
      "address": "0x78867BbEeF44f2326bF8DDd1941a4439382EF2A7",
      "chainId": 97,
      "decimals": 18,
      "logoURI": "images/coins/0x78867bbeef44f2326bf8ddd1941a4439382ef2a7.png"
    },
    {
      "name": "USDT Token",
      "symbol": "USDT",
      "address": "0x7ef95a0fee0dd31b22626fa2e10ee6a223f8a684",
      "chainId": 97,
      "decimals": 18,
      "logoURI": "images/coins/0x7ef95a0fee0dd31b22626fa2e10ee6a223f8a684.png"
    },
    {
      "name": "ETH Token",
      "symbol": "ETH",
      "address": "0x8babbb98678facc7342735486c851abd7a0d17ca",
      "chainId": 97,
      "decimals": 18,
      "logoURI": "images/coins/0x8babbb98678facc7342735486c851abd7a0d17ca.png"
    },
    {
      "name": "DAI Token",
      "symbol": "DAI",
      "address": "0x8a9424745056Eb399FD19a0EC26A14316684e274",
      "chainId": 97,
      "decimals": 18,
      "logoURI": "images/coins/0x8a9424745056eb399fd19a0ec26a14316684e274.png"
    },
    {
      "name": "CAKE Token",
      "symbol": "CAKE",
      "address": "0xB8F5B50ed77596b5E638359d828000747bb3dd89",
      "chainId": 97,
      "decimals": 9,
      "logoURI": "images/coins/0xf9f93cf501bfadb6494589cb4b4c15de49e85d0e.png"
    },
    {
      "name": "Safemoon Token",
      "symbol": "SAFEMOON",
      "address": "0xDAcbdeCc2992a63390d108e8507B98c7E2B5584a",
      "chainId": 97,
      "decimals": 18,
      "logoURI": "images/coins/0xdacbdecc2992a63390d108e8507b98c7e2b5584a.png"
    },
    {
      "name": "NEOTOKEN",
      "symbol": "NEO",
      "address": "0x507A00A4b63E0969eAE2e5D84B5368d8672F6657",
      "chainId": 97,
      "decimals": 18,
      "logoURI": "images/coins/NeoToken.png"
    }
  ]
}
